<?xml version="1.0" encoding="UTF-8"?>
<project-private xmlns="http://www.netbeans.org/ns/project-private/1">
    <editor-bookmarks xmlns="http://www.netbeans.org/ns/editor-bookmarks/2" lastBookmarkId="0"/>
    <open-files xmlns="http://www.netbeans.org/ns/projectui-open-files/2">
        <group>
            <file>file:/H:/2021/Program%20Design%20and%20Construction/pdc_project/src/InventoryMgmt/DBManager.java</file>
            <file>file:/H:/2021/Program%20Design%20and%20Construction/pdc_project/src/DBManagement/DBManager.java</file>
            <file>file:/H:/2021/Program%20Design%20and%20Construction/pdc_project/src/InventoryMgmt/Category.java</file>
            <file>file:/H:/2021/Program%20Design%20and%20Construction/pdc_project/src/InventoryMgmt/DataStore.java</file>
        </group>
    </open-files>
</project-private>
